cluster high,cluster low,cluster mean,cluster label,cluster stream,window high,window low,window mean,window label,window stream,is the cluster and the window deviated,is the cluster and the window matched,cluster labels that are merged together into a cluster,new clusters (labels)
"[0.75845724 0.63967605 0.97515137 0.94703675 0.87332343 0.68061288
 0.53339573 0.57835039]","[0.51051912 0.01764712 0.28203827 0.27285742 0.75744258 0.55302826
 0.20002367 0.29064712]","[0.63448818 0.32866159 0.62859482 0.60994708 0.81538301 0.61682057
 0.3667097  0.43449876]",0,3,"[0.46951194 0.84470305 0.97712521 0.89088148 0.86895852 0.57757558
 0.22578221 1.01276281]","[0.09878986 0.09988059 0.60517996 0.66958785 0.05641954 0.30072592
 0.19806282 0.48274378]","[0.2841509  0.47229182 0.79115258 0.78023466 0.46268903 0.43915075
 0.21192251 0.74775329]",0.0,3.0,False,False,[],[5]
"[0.838039   0.7546839  0.34373062 0.44893018 0.93291822 0.79294755
 0.66310154 0.92319062]","[0.23417172 0.66532551 0.13039752 0.24260615 0.08166856 0.65698314
 0.57142765 0.23257821]","[0.53610536 0.7100047  0.23706407 0.34576817 0.50729339 0.72496534
 0.61726459 0.57788441]",0,4,,,,,,,,,
"[0.46951194 0.84470305 0.97712521 0.89088148 0.86895852 0.57757558
 0.22578221 1.01276281]","[0.09878986 0.09988059 0.60517996 0.66958785 0.05641954 0.30072592
 0.19806282 0.48274378]","[0.2841509  0.47229182 0.79115258 0.78023466 0.46268903 0.43915075
 0.21192251 0.74775329]",0,5,,,,,,,,,
