closed cluster high,closed cluster low,closed cluster mean,closed cluster label,closed cluster segment,closed cluster stream,cluster high,cluster low,cluster mean,cluster label,cluster segment,cluster stream,window high,window low,window mean,window segment,window stream,is the cluster and the window deviated,is the cluster and the window matched,cluster labels that are merged together into a cluster,new clusters (labels),merge a cluster with a window,merge a window with a cluster,index
[0.42473118 0.12903226 0.23655914 0.26344086],[0.07526882 0.         0.02150538 0.00537634],[0.25       0.06451613 0.12903226 0.1344086 ],7.0,6.0,-1.0,[0.63978495 0.40322581 0.62365591 0.28494624],[0.2311828  0.         0.02150538 0.        ],[0.43548387 0.2016129  0.32258065 0.14247312],1,"[-1, -1, -1, -1, -1, -1, -1, -1, -1, -1, -1, -1, -1, -1, -1, -1, -1, -1, -1, -1, -1, -1, -1, -1, -1, -1, -1, -1, -1, -1, -1, -1, -1, -1, -1, -1, -1, -1, -1, -1, -1, -1, -1, -1, -1, -1, -1, -1, -1, -1, -1, -1, -1, -1, -1, -1, -1, -1, -1, -1, -1]","[0, 0, 0, 0, 0, 0, 0, 0, 0, 0, 0, 0, 0, 0, 0, 0, 0, 0, 0, 0, 0, 0, 0, 0, 0, 0, 0, 0, 0, 0, 0, 0, 0, 0, 0, 0, 0, 0, 0, 0, 0, 0, 0, 0, 0, 0, 0, 0, 0, 0, 0, 0, 0, 0, 0, 0, 0, 0, 0, 0, 0]",[0.3655914  0.05376344 0.18817204 0.10752688],[0.29032258 0.05376344 0.09677419 0.06989247],[0.32795699 0.05376344 0.14247312 0.08870968],-1.0,9.0,False,False,[],[],False,True,169
,,,,,,[0.56989247 0.19354839 0.47311828 0.29032258],[0.12903226 0.         0.01612903 0.        ],[0.34946237 0.09677419 0.24462366 0.14516129],0,"[-1, -1, -1, -1, -1, -1, -1, -1, -1, -1, -1, -1, -1, -1, -1, -1, -1, -1, -1, -1, -1, -1, -1, -1, -1, -1, -1, -1, -1, -1, -1, -1, -1, -1, -1, -1, -1, -1, -1, -1, -1, -1, -1, -1, -1, -1, -1, -1, -1, -1, -1, -1, -1, -1, -1, -1, -1, -1, -1, -1, -1]","[0, 0, 0, 0, 0, 0, 0, 0, 0, 0, 0, 0, 0, 0, 0, 0, 0, 0, 0, 0, 0, 0, 0, 0, 0, 0, 0, 0, 0, 0, 0, 0, 0, 0, 0, 0, 0, 0, 0, 0, 0, 0, 0, 0, 0, 0, 0, 0, 0, 0, 0, 0, 0, 0, 0, 0, 0, 0, 0, 0, 0]",,,,,,,,,,,,169
,,,,,,[1.         0.60215054 0.6344086  0.55913978],[0.10215054 0.         0.01075269 0.        ],[0.55107527 0.30107527 0.32258065 0.27956989],4,"[-1, -1, -1, -1, -1, -1, -1, -1, -1, -1, -1, -1, -1, -1, -1, -1, -1, -1, -1, -1, -1, -1, -1, -1, -1, -1, -1, -1, -1, -1, -1, -1, -1, -1, -1, -1, -1, -1, -1, -1, -1, -1, -1, -1, -1, -1, -1, -1, -1, -1, -1, -1, -1, -1, -1, -1, -1, -1, -1, -1, -1]","[0, 0, 0, 0, 0, 0, 0, 0, 0, 0, 0, 0, 0, 0, 0, 0, 0, 0, 0, 0, 0, 0, 0, 0, 0, 0, 0, 0, 0, 0, 0, 0, 0, 0, 0, 0, 0, 0, 0, 0, 0, 0, 0, 0, 0, 0, 0, 0, 0, 0, 0, 0, 0, 0, 0, 0, 0, 0, 0, 0, 0]",,,,,,,,,,,,169
,,,,,,[0.17204301 0.01612903 0.24731183 0.12365591],[0.09139785 0.         0.17741935 0.05913978],[0.13172043 0.00806452 0.21236559 0.09139785],2,"[-1, -1, -1, -1, -1, -1, -1, -1, -1, -1, -1, -1, -1, -1, -1, -1, -1, -1, -1, -1, -1, -1, -1, -1, -1, -1, -1, -1, -1, -1, -1, -1, -1, -1, -1, -1, -1, -1, -1, -1, -1, -1, -1, -1, -1, -1, -1, -1, -1, -1, -1, -1, -1, -1, -1, -1, -1, -1, -1, -1, -1]","[0, 0, 0, 0, 0, 0, 0, 0, 0, 0, 0, 0, 0, 0, 0, 0, 0, 0, 0, 0, 0, 0, 0, 0, 0, 0, 0, 0, 0, 0, 0, 0, 0, 0, 0, 0, 0, 0, 0, 0, 0, 0, 0, 0, 0, 0, 0, 0, 0, 0, 0, 0, 0, 0, 0, 0, 0, 0, 0, 0, 0]",,,,,,,,,,,,169
,,,,,,[0.10752688 0.05376344 0.01612903 0.01612903],[0.01612903 0.         0.01075269 0.01075269],[0.06182796 0.02688172 0.01344086 0.01344086],3,"[-1, -1, -1, -1, -1, -1, -1, -1, -1, -1, -1, -1, -1, -1, -1, -1, -1, -1, -1, -1, -1, -1, -1, -1, -1, -1, -1, -1, -1, -1, -1, -1, -1, -1, -1, -1, -1, -1, -1, -1, -1, -1, -1, -1, -1, -1, -1, -1, -1, -1, -1, -1, -1, -1, -1, -1, -1, -1, -1, -1, -1]","[0, 0, 0, 0, 0, 0, 0, 0, 0, 0, 0, 0, 0, 0, 0, 0, 0, 0, 0, 0, 0, 0, 0, 0, 0, 0, 0, 0, 0, 0, 0, 0, 0, 0, 0, 0, 0, 0, 0, 0, 0, 0, 0, 0, 0, 0, 0, 0, 0, 0, 0, 0, 0, 0, 0, 0, 0, 0, 0, 0, 0]",,,,,,,,,,,,169
,,,,,,[0.08602151 0.01612903 0.0483871  0.08064516],[0. 0. 0. 0.],[0.04301075 0.00806452 0.02419355 0.04032258],5,-1,1,,,,,,,,,,,,169
,,,,,,[0.60752688 0.25268817 0.35483871 0.1344086 ],[0.33333333 0.         0.0483871  0.00537634],[0.47043011 0.12634409 0.2016129  0.06989247],6,-1,5,,,,,,,,,,,,169
,,,,,,[0.42473118 0.12903226 0.23655914 0.26344086],[0.07526882 0.         0.02150538 0.00537634],[0.25       0.06451613 0.12903226 0.1344086 ],7,-1,6,,,,,,,,,,,,169
,,,,,,[0.30107527 0.05376344 0.15591398 0.16666667],[0.04301075 0.         0.         0.        ],[0.17204301 0.02688172 0.07795699 0.08333333],8,-1,7,,,,,,,,,,,,169
