x,y,cluster,is_included,target,segment,stream,ids
0.7123676914520081,0.5489471366357305,-2,False,1,3,-1,180
0.6253953865553711,0.5451238806700485,-2,False,1,3,-1,181
0.6499093529883794,0.5331376035057387,-2,False,1,3,-1,182
0.6194672418258473,0.6301162961392291,-2,False,1,3,-1,183
0.6458111315379422,0.614475308138555,-2,False,1,3,-1,184
0.591654318576481,0.5686516933348557,-2,False,1,3,-1,185
0.6201518708948792,0.5689985700848706,-2,False,1,3,-1,186
0.6242076347286322,0.5713516775677306,-2,False,1,3,-1,187
0.6165164374662992,0.6391329168637557,-2,False,1,3,-1,188
0.6159347681177265,0.5305996400745948,-2,False,1,3,-1,189
0.6489084146750507,0.5592925454120384,-2,False,1,3,-1,190
0.7173331097232188,0.6536397592523121,-2,False,1,3,-1,191
0.6364502884995054,0.5614945059724782,-2,False,1,3,-1,192
0.6298120401309393,0.5663344696537214,-2,False,1,3,-1,193
0.581237342323026,0.5751020785420302,-2,False,1,3,-1,194
0.6058149951810605,0.6221957624492326,-2,False,1,3,-1,195
0.6224859783720901,0.6732257906669494,-2,False,1,3,-1,196
0.6000747254053641,0.5687169366107205,-2,False,1,3,-1,197
0.6529259666537879,0.5740310014299151,-2,False,1,3,-1,198
0.6313235312848948,0.5690475025417693,-2,False,1,3,-1,199
0.6084452445346433,0.5742136826023369,-2,False,1,3,-1,200
0.6231695460007048,0.5711918315418617,-2,False,1,3,-1,201
0.6228022876163869,0.5684342157486394,-2,False,1,3,-1,202
0.6095310980813403,0.6288831982253829,-2,False,1,3,-1,203
0.7046499581792476,0.5767451217058942,-2,False,1,3,-1,204
0.6174345834270939,0.5720334698005187,-2,False,1,3,-1,205
0.619053280063177,0.5857726163097315,-2,False,1,3,-1,206
0.6333890943365785,0.6175123826300651,-2,False,1,3,-1,207
0.6237321094217697,0.4631881126751374,-2,False,1,3,-1,208
0.6281031210594025,0.5670825925503052,-2,False,1,3,-1,209
0.594276076406727,0.5624329217570014,-2,False,1,3,-1,210
0.6188749580731036,0.5916738706117101,-2,False,1,3,-1,211
0.6158519757651923,0.5502378661099241,-2,False,1,3,-1,212
0.6220868767752591,0.5745812197230423,-2,False,1,3,-1,213
0.5943408242721703,0.5628069832052934,-2,False,1,3,-1,214
0.6225231287866887,0.5363388735748422,-2,False,1,3,-1,215
0.6221346415940288,0.5682765444986326,-2,False,1,3,-1,216
0.62233206951161,0.5697423434297303,-2,False,1,3,-1,217
0.6874280874117412,0.5648436608002088,-2,False,1,3,-1,218
0.5946327203868738,0.5587956091275343,-2,False,1,3,-1,219
0.6134775335521316,0.5708699647142617,-2,False,1,3,-1,220
0.6267041425896599,0.569031191722803,-2,False,1,3,-1,221
0.6199024323968598,0.5698554317745628,-2,False,1,3,-1,222
0.6416768211133236,0.5230683912639253,-2,False,1,3,-1,223
0.6156725923347018,0.5871775215166887,-2,False,1,3,-1,224
0.5915747105451983,0.6154332969058376,-2,False,1,3,-1,225
0.6778018842690284,0.6091666802590158,-2,False,1,3,-1,226
0.5770255467479588,0.466965698347714,-2,False,1,3,-1,227
0.6274651953687231,0.512918712315212,-2,False,1,3,-1,228
0.5833538545147307,0.5618196349638716,-2,False,1,3,-1,229
0.6452411380339576,0.5737232706454191,-2,False,1,3,-1,230
0.6081724543474477,0.5800322954215531,-2,False,1,3,-1,231
0.5529552624092999,0.6256569182338645,-2,False,1,3,-1,232
0.607131181298269,0.6393569187775585,-2,False,1,3,-1,233
0.655426720276484,0.5420041646957761,-2,False,1,3,-1,234
0.6562281077913973,0.6288364405443464,-2,False,1,3,-1,235
0.6278207779084529,0.5541720356445764,-2,False,1,3,-1,236
0.6658076075557575,0.5684124679900178,-2,False,1,3,-1,237
0.5340722373890264,0.5920392329565534,-2,False,1,3,-1,238
0.6170705093640274,0.5227117280225306,-2,False,1,3,-1,239
0.8285699425548446,0.2831297199432383,-2,False,2,3,-1,489
0.8302257896055263,0.2899530792107738,-2,False,2,3,-1,490
0.8317818612570002,0.2913634213573863,-2,False,2,3,-1,491
0.8400685265933282,0.3093140213236773,-2,False,2,3,-1,492
0.8316353824794399,0.287469485176184,-2,False,2,3,-1,493
0.8281379363050835,0.2901607703056104,-2,False,2,3,-1,494
0.842360176453855,0.3363562717817395,-2,False,2,3,-1,495
0.8288353026591205,0.2888841768745209,-2,False,2,3,-1,496
0.8685703246733948,0.3837294143872297,-2,False,2,3,-1,497
0.7909450640897724,0.2156899204575728,-2,False,2,3,-1,498
0.8284340781814553,0.2833493723053167,-2,False,2,3,-1,499
0.8353674069859762,0.2929640563919381,-2,False,2,3,-1,500
0.8338962505678706,0.2900194098745698,-2,False,2,3,-1,501
0.8263027058239113,0.2845335377622643,-2,False,2,3,-1,502
0.8309167873170608,0.2883122108227721,-2,False,2,3,-1,503
0.8296441202569534,0.2924627705557096,-2,False,2,3,-1,504
0.8294880885156393,0.2904326172883807,-2,False,2,3,-1,505
0.8714967159033494,0.3770702506972875,-2,False,2,3,-1,506
0.8594419370863036,0.3521897274462151,-2,False,2,3,-1,507
0.8607963350585278,0.3476161738080869,-2,False,2,3,-1,508
0.8333835748464096,0.3077525322546445,-2,False,2,3,-1,509
0.8323582234034874,0.2881164809951774,-2,False,2,3,-1,510
0.8371092307104433,0.2891364508745317,-2,False,2,3,-1,511
0.7963753932636746,0.2071408765434112,-2,False,2,3,-1,512
0.8326968228965436,0.2912949159177282,-2,False,2,3,-1,513
0.8638278088897757,0.3682026021193191,-2,False,2,3,-1,514
0.8257995830662042,0.2677236077356777,-2,False,2,3,-1,515
0.8227447575457799,0.2814801524517879,-2,False,2,3,-1,516
0.8294063576035223,0.2783245526757898,-2,False,2,3,-1,517
0.8382375418738245,0.3165788600912319,-2,False,2,3,-1,518
0.8223828063635475,0.2767521897274462,-2,False,2,3,-1,519
0.8379265398316131,0.3202498817465625,-2,False,2,3,-1,520
0.8403073506871765,0.3314554143763558,-2,False,2,3,-1,521
0.8294795969923024,0.2889972652193533,-2,False,2,3,-1,522
0.8316757172152899,0.2904695884780375,-2,False,2,3,-1,523
0.8330895558508719,0.287896828633099,-2,False,2,3,-1,524
0.8249238947220937,0.2632272586406563,-2,False,2,3,-1,525
0.8427369878019267,0.3082614298063906,-2,False,2,3,-1,526
0.8418602380173992,0.3034932337285988,-2,False,2,3,-1,527
0.8557470629943659,0.3513513513513513,-2,False,2,3,-1,528
0.829116584369653,0.2948865582540899,-2,False,2,3,-1,529
0.8317128676298885,0.2894572303142007,-2,False,2,3,-1,530
0.8304911497098022,0.2931075915988408,-2,False,2,3,-1,531
0.810177303007273,0.2332599346479853,-2,False,2,3,-1,532
0.8266476739594699,0.2894398321073034,-2,False,2,3,-1,533
0.8296717177077982,0.3006877728664089,-2,False,2,3,-1,534
0.8266253837107108,0.2993394118318681,-2,False,2,3,-1,535
0.8270382840329641,0.2728180201927939,-2,False,2,3,-1,536
0.8307915373478425,0.2842171078743197,-2,False,2,3,-1,537
0.8278800062837273,0.2870258309003028,-2,False,2,3,-1,538
0.8216153849419817,0.2857894708226633,-2,False,2,3,-1,539
0.8330778800062837,0.3064976865821766,-2,False,2,3,-1,540
0.8215761116465489,0.269024123701251,-2,False,2,3,-1,541
0.8248633926183188,0.2908893202194348,-2,False,2,3,-1,542
0.8287939064828534,0.2926226165815785,-2,False,2,3,-1,543
0.8299880269520951,0.2912796924866931,-2,False,2,3,-1,544
0.834442892382679,0.2932511268057435,-2,False,2,3,-1,545
0.824825180763303,0.2959989561075861,-2,False,2,3,-1,546
0.8502870134887848,0.3269144823761601,-2,False,2,3,-1,547
0.8370200697154065,0.2911154969090998,-2,False,2,3,-1,548
0.791248636049064,0.2156703474748133,-2,False,2,3,-1,549
0.8537982583885636,0.3399772735922404,-2,False,2,3,-1,550
0.827017055224622,0.2826893278311504,-2,False,2,3,-1,551
0.4081493149463548,0.7968357011205532,-2,False,3,3,-1,804
0.4599423000989262,0.7883138419046687,-2,False,3,3,-1,805
0.4300786739637157,0.770366504102171,-2,False,3,3,-1,806
0.4203940915980622,0.7879995867925862,-2,False,3,3,-1,807
0.4248394040648922,0.8010721645000463,-2,False,3,3,-1,808
0.516684781916452,0.8783245526757899,-2,False,3,3,-1,809
0.4424221645742138,0.879167278322378,-2,False,3,3,-1,810
0.4072608893172391,0.7984809190602794,-2,False,3,3,-1,811
0.4050159428350649,0.7704437086452778,-2,False,3,3,-1,812
0.4076111646548833,0.8061372174830231,-2,False,3,3,-1,813
0.3689174156897876,0.707492646539116,-2,False,3,3,-1,814
0.4167406136823915,0.7974163662757507,-2,False,3,3,-1,815
0.3845481872720557,0.7993834510430768,-2,False,3,3,-1,816
0.4214438561705777,0.8000173982068973,-2,False,3,3,-1,817
0.4553897821499688,0.8543172019333758,-2,False,3,3,-1,818
0.3863494516598805,0.8233483936561788,-2,False,3,3,-1,819
0.4186469606715096,0.8106139935952851,-2,False,3,3,-1,820
0.4643833668040878,0.8033959125087671,-2,False,3,3,-1,821
0.3995696920549061,0.7990974680172025,-2,False,3,3,-1,822
0.393207418194787,0.8030055402415088,-2,False,3,3,-1,823
0.4135180805760649,0.7687854420503787,-2,False,3,3,-1,824
0.4009336429908843,0.8308992154496078,-2,False,3,3,-1,825
0.4004835922540324,0.7518482876358555,-2,False,3,3,-1,826
0.4065911204140466,0.8163988973886379,-2,False,3,3,-1,827
0.3878736800988413,0.8051672674484985,-2,False,3,3,-1,828
0.4137420445040738,0.8512301075970358,-2,False,3,3,-1,829
0.3708821419018465,0.8111337650263419,-2,False,3,3,-1,830
0.4682087980673293,0.791566219206533,-2,False,3,3,-1,831
0.4280905960624806,0.7464374452907947,-2,False,3,3,-1,832
0.4252915776825783,0.8020671244569857,-2,False,3,3,-1,833
0.4276554054914681,0.8043245418019105,-2,False,3,3,-1,834
0.4051061652705187,0.8038134694743023,-2,False,3,3,-1,835
0.3971729595930862,0.8137848168023183,-2,False,3,3,-1,836
0.3877494915700402,0.8102127474487161,-2,False,3,3,-1,837
0.4356236387026651,0.7936833635083484,-2,False,3,3,-1,838
0.4213281591651134,0.8217444964578338,-2,False,3,3,-1,839
0.4309034131678052,0.8095461786469632,-2,False,3,3,-1,840
0.4157163236798865,0.8553328222610057,-2,False,3,3,-1,841
0.4395997945051352,0.776636382912786,-2,False,3,3,-1,842
0.42029962340094,0.7964823000429518,-2,False,3,3,-1,843
0.4215913963885551,0.782998689697543,-2,False,3,3,-1,844
0.4197306913373724,0.7877951578615429,-2,False,3,3,-1,845
0.3941425472022553,0.8273456316908339,-2,False,3,3,-1,846
0.4092012023997045,0.7733731317316109,-2,False,3,3,-1,847
0.4192955007663599,0.7859639965856019,-2,False,3,3,-1,848
0.3735675861571186,0.8303228998461346,-2,False,3,3,-1,849
0.4201138713279468,0.8197697999749901,-2,False,3,3,-1,850
0.3907332005825185,0.8288005567426208,-2,False,3,3,-1,851
0.4806796615278798,0.8172340113197084,-2,False,3,3,-1,852
0.4798719053704639,0.8622170752526818,-2,False,3,3,-1,853
0.4384353943675725,0.830875292915124,-2,False,3,3,-1,854
0.3681277040194626,0.8166109380351988,-2,False,3,3,-1,855
0.4159636392970717,0.7250180778243542,-2,False,3,3,-1,856
0.4312420126608613,0.83004670331164,-2,False,3,3,-1,857
0.3780447418364617,0.8215215819319621,-2,False,3,3,-1,858
0.3881963579856408,0.7255084897812719,-2,False,3,3,-1,859
0.3775946910996098,0.824379237414844,-2,False,3,3,-1,860
0.4438126515206195,0.797794777275767,-2,False,3,3,-1,861
0.3651588551728237,0.7970172949050438,-2,False,3,3,-1,862
0.4355121874588691,0.8345408776307992,-2,False,3,3,-1,863
0.4407631332022808,0.8051487818536702,-2,False,3,3,-1,864
0.4184208738626666,0.7514590027565284,-2,False,3,3,-1,865
0.4307070466906411,0.8071669738537572,-2,False,3,3,-1,866
0.8945119284674075,0.7270841148934089,-2,False,4,3,-1,1120
0.8692443393382556,0.6542497838816487,-2,False,4,3,-1,1121
0.8804733175107948,0.7207990126517586,-2,False,4,3,-1,1122
0.858134242492432,0.7224159585052765,-2,False,4,3,-1,1123
0.8506638248368567,0.7600493674120711,-2,False,4,3,-1,1124
0.9073277600635166,0.7381189276180223,-2,False,4,3,-1,1125
0.8483275944788116,0.7372533668248816,-2,False,4,3,-1,1126
0.8461622560279202,0.7377655265404209,-2,False,4,3,-1,1127
0.825767739853691,0.7222658989707873,-2,False,4,3,-1,1128
0.8689800406743968,0.7800518684043126,-2,False,4,3,-1,1129
0.859302888391663,0.7326591528160629,-2,False,4,3,-1,1130
0.780165075213668,0.8103443213883769,-2,False,4,3,-1,1131
0.911623409431535,0.7480141577908627,-2,False,4,3,-1,1132
0.8513526996675569,0.7404633359974337,-2,False,4,3,-1,1133
0.8137639101766662,0.769739081265937,-2,False,4,3,-1,1134
0.8535594342947153,0.6919897568056892,-2,False,4,3,-1,1135
0.8153486407194018,0.7503868382564822,-2,False,4,3,-1,1136
0.8698546675780902,0.7342054184540606,-2,False,4,3,-1,1137
0.8519014643631995,0.735212339678242,-2,False,4,3,-1,1138
0.8858537589850931,0.7333931396695428,-2,False,4,3,-1,1139
0.8157339435908105,0.7464026488770001,-2,False,4,3,-1,1140
0.8690564643844283,0.7061758197545766,-2,False,4,3,-1,1141
0.8710073918710647,0.7733165875591946,-2,False,4,3,-1,1142
0.8465624190651682,0.7426913938682195,-2,False,4,3,-1,1143
0.8364978410301916,0.746187346066646,-2,False,4,3,-1,1144
0.9048248835599862,0.7607224605414105,-2,False,4,3,-1,1145
0.8155375771136463,0.7086463651339934,-2,False,4,3,-1,1146
0.8665493421192295,0.71559151184981,-2,False,4,3,-1,1147
0.8517613542281418,0.8000086991034486,-2,False,4,3,-1,1148
0.9224522245668262,0.708307100099496,-2,False,4,3,-1,1149
0.8521116295657859,0.7545428349290751,-2,False,4,3,-1,1150
0.8229230795358533,0.7017001310302456,-2,False,4,3,-1,1151
0.8623173791762373,0.7332398179712604,-2,False,4,3,-1,1152
0.8446497034335475,0.6945723031420075,-2,False,4,3,-1,1153
0.8743477448636898,0.7978991665171509,-2,False,4,3,-1,1154
0.8638861881127164,0.7694911568176505,-2,False,4,3,-1,1155
0.8519534749436375,0.7935333039738592,-2,False,4,3,-1,1156
0.8292683703492988,0.7700979192831938,-2,False,4,3,-1,1157
0.8724159233045612,0.7399392150146525,-2,False,4,3,-1,1158
0.8374170484314033,0.741456121178511,-2,False,4,3,-1,1159
0.8520160999282467,0.7696901488090384,-2,False,4,3,-1,1160
0.8469997325170149,0.7228324280828807,-2,False,4,3,-1,1161
0.868408985729995,0.7369151891783153,-2,False,4,3,-1,1162
0.8293766372718434,0.765581997205413,-2,False,4,3,-1,1163
0.8489326155165606,0.8260092319235349,-2,False,4,3,-1,1164
0.8437358032344212,0.7427533749802911,-2,False,4,3,-1,1165
0.8621560402328375,0.7232521598242782,-2,False,4,3,-1,1166
0.9093020392393292,0.6611220756060828,-2,False,4,3,-1,1167
0.8534203856000747,0.7592512246706574,-2,False,4,3,-1,1168
0.8490483125220248,0.7467179913770137,-2,False,4,3,-1,1169
0.8480070394728463,0.7533053874635045,-2,False,4,3,-1,1170
0.8408051662427981,0.6670026695373708,-2,False,4,3,-1,1171
0.8297184210861508,0.7110821140996156,-2,False,4,3,-1,1172
0.8567904589243788,0.7429066966785736,-2,False,4,3,-1,1173
0.8746863443567459,0.729039238393493,-2,False,4,3,-1,1174
0.8392013297725546,0.7437602962044725,-2,False,4,3,-1,1175
0.8093833455752795,0.7701218418176776,-2,False,4,3,-1,1176
0.829342671178496,0.7228259037552942,-2,False,4,3,-1,1177
0.8991387472455621,0.724026380031208,-2,False,4,3,-1,1178
0.8595947845063665,0.7386376116611482,-2,False,4,3,-1,1179
0.88211324295522,0.7456099430752418,-2,False,4,3,-1,1180
0.8142309439601917,0.7414659076698907,-2,False,4,3,-1,1181
0.7958903149930582,0.7285912345658876,-2,False,4,3,-1,1182
0.833326257063886,0.7441767657820766,-2,False,4,3,-1,1183
0.911164867171346,0.1169050764705562,-2,False,5,3,-1,1443
0.9154615779797816,0.1334388099626482,-2,False,5,3,-1,1444
0.8885200973128574,0.1282574064710455,-2,False,5,3,-1,1445
0.8220059950154758,0.0856013527105862,-2,False,5,3,-1,1446
0.8828350224388504,0.0684271477270873,-2,False,5,3,-1,1447
0.9010578315196854,0.1394390165663551,-2,False,5,3,-1,1448
0.9615556895329238,0.1731850136195338,-1,False,5,3,-1,1449
0.9006746515291111,0.1205576125310585,-1,False,5,3,-1,1450
0.8871073201176926,0.1194843606430812,-1,False,5,3,-1,1451
0.8807450462575733,0.1152228873411734,-1,False,5,3,-1,1452
0.900613087984919,0.1368803927645207,-1,False,5,3,-1,1453
0.8284213408964501,0.1221299754794021,-1,False,5,3,-1,1454
0.8532972585116907,0.1290588113762525,-1,False,5,3,-1,1455
0.8877537373317086,0.1171008062981509,-1,False,5,3,-1,1456
0.9171842957767408,0.0767521897274462,-1,False,5,3,-1,1457
0.8822427386861066,0.1157763677980938,-1,False,5,3,-1,1458
0.905059461892166,0.1156937263153316,-1,False,5,3,-1,1459
0.8817364316071482,0.1185415953068336,-1,False,5,3,-1,1460
0.8454988557672304,0.145639302549381,-1,False,5,3,-1,1461
0.8821376560848133,0.1159710102377573,-1,False,5,3,-1,1462
0.8418358248878057,0.0372147645533282,-1,False,5,3,-1,1463
0.8658657744906147,0.104979693030387,-1,False,5,3,-1,1464
0.9483577393866572,0.120578272901749,-1,False,5,3,-1,1465
0.8898447749534028,0.0940209974609491,-1,False,5,3,-1,1466
0.9053513580068696,0.1121901624013875,-1,False,5,3,-1,1467
0.9040946125530188,0.1458382945407688,-1,False,5,3,-1,1468
0.9587832071634492,0.1294426593159242,-1,False,5,3,-1,1469
0.8673921258104098,0.1787731001973609,-1,False,5,3,-1,1470
0.8659942087810842,0.1363377861869111,-1,False,5,3,-1,1471
0.8673900029295756,0.1120542389100023,-1,False,5,3,-1,1472
0.8909115225725919,0.1002049726250088,-1,False,5,3,-1,1473
0.8990570163334451,0.0852338155898807,-1,False,5,3,-1,1474
0.8873822331857224,0.0910285058746133,-1,False,5,3,-1,1475
0.9600240310110432,0.1307562239366705,-1,False,5,3,-1,1476
0.8919485498601022,0.0676822869942966,-1,False,5,3,-1,1477
0.8670949224936207,0.1209175379362464,-1,False,5,3,-1,1478
0.8819933001880872,0.121621077927656,-1,False,5,3,-1,1479
0.918055738359183,0.1122140849358713,-1,False,5,3,-1,1480
0.8808320843717758,0.0807102817965823,-1,False,5,3,-1,1481
0.8859078924463654,0.1183687006257917,-1,False,5,3,-1,1482
0.9168000543457494,0.1203172997982895,-1,False,5,3,-1,1483
0.8791932203677679,0.0400169632517248,-1,False,5,3,-1,1484
0.853229326324996,0.1098620648409423,-1,False,5,3,-1,1485
0.8791910974869337,0.0865049720813148,-1,False,5,3,-1,1486
0.8752266175290516,0.1084027902374311,-1,False,5,3,-1,1487
0.8965552012703318,0.0930238627281475,-1,False,5,3,-1,1488
0.9110576616892188,0.1733024515160906,-1,False,5,3,-1,1489
0.8823255310386406,0.1156012983411897,-1,False,5,3,-1,1490
0.8137989377104305,0.0585612770283862,-1,False,5,3,-1,1491
0.8918976007200812,0.115218537789449,-1,False,5,3,-1,1492
0.8932838419048185,0.1675860531623959,-1,False,5,3,-1,1493
0.8500439436332681,0.1272602717382439,-1,False,5,3,-1,1494
0.8642258490461896,0.1011651361681536,-1,False,5,3,-1,1495
0.873641886986316,0.0901129252366428,-1,False,5,3,-1,1496
0.8776891592967321,0.1206337296862342,-1,False,5,3,-1,1497
0.9040383562109124,0.1011423010216009,-1,False,5,3,-1,1498
0.8801124277689796,0.069866849347839,-1,False,5,3,-1,1499
0.8883385910015327,0.1022829709613053,-1,False,5,3,-1,1500
0.8702983496724395,0.1515786154289473,-1,False,5,3,-1,1501
0.897212232888519,0.1198094896344745,-1,False,5,3,-1,1502
0.8779184304268264,0.1198214509017164,-1,False,5,3,-1,1503
0.876714756993831,0.131752271281541,-1,False,5,3,-1,1504
0.8751809755911162,0.1220930042897453,-2,False,5,3,-1,1505
0.9141878494792574,0.0592028359077242,-2,False,5,3,-1,1506
0.9107158778749114,0.1095749944271368,-2,False,5,3,-1,1507
0.3383320100709466,0.5571862749895339,-2,False,6,3,-1,1768
0.3592731680599841,0.5527682178255503,-2,False,6,3,-1,1769
0.3382163130654824,0.5578626302826665,-2,False,6,3,-1,1770
0.3379307855932815,0.560140707998282,-2,False,6,3,-1,1771
0.3429153097920001,0.5782348431714757,-2,False,6,3,-1,1772
0.26109311379915,0.532019768712587,-2,False,6,3,-1,1773
0.3017155000021229,0.5708558286711576,-2,False,6,3,-1,1774
0.34829150550463,0.557161265067119,-2,False,6,3,-1,1775
0.3463575610646672,0.5538621300842181,-2,False,6,3,-1,1776
0.3529777649461425,0.5885552420253688,-2,False,6,3,-1,1777
0.3172072228897503,0.5194289038585961,-2,False,6,3,-1,1778
0.3710063304306476,0.5546548358859765,-2,False,6,3,-1,1779
0.3080363776859749,0.5242993144019095,-2,False,6,3,-1,1780
0.3444151251013675,0.5924024205255346,-2,False,6,3,-1,1781
0.365263937774117,0.6069995161123707,-2,False,6,3,-1,1782
0.3277207902211617,0.543981035954482,-2,False,6,3,-1,1783
0.3300357917708647,0.5456969341097283,-2,False,6,3,-1,1784
0.3107080232158248,0.5105601678926965,-2,False,6,3,-1,1785
0.3142022850689299,0.5676523838261919,-2,False,6,3,-1,1786
0.3816440862908601,0.5612705040586754,-2,False,6,3,-1,1787
0.3291208301313214,0.5750259613868546,-2,False,6,3,-1,1788
0.3527951971944006,0.540961359669869,-2,False,6,3,-1,1789
0.3586012762759575,0.5403393737732904,-2,False,6,3,-1,1790
0.3390803255650047,0.5838522892234419,-2,False,6,3,-1,1791
0.3295772495106759,0.5622882991621676,-2,False,6,3,-1,1792
0.341490856752247,0.5557009030756768,-2,False,6,3,-1,1793
0.341879343944907,0.563562717817395,-2,False,6,3,-1,1794
0.3267750468095224,0.5349774638851283,-2,False,6,3,-1,1795
0.3355892480331509,0.5422520891440626,-2,False,6,3,-1,1796
0.2998823924017849,0.5254214987467855,-2,False,6,3,-1,1797
0.3319665518895762,0.5600765521103481,-2,False,6,3,-1,1798
0.330017747283774,0.5551506847825496,-2,False,6,3,-1,1799
0.4039258435266994,0.5840360577837946,-2,False,6,3,-1,1800
0.3376176606702359,0.555797680601543,-2,False,6,3,-1,1801
0.3361730402625579,0.5594349932310101,-2,False,6,3,-1,1802
0.3437814451723567,0.5532499306790194,-2,False,6,3,-1,1803
0.3314676748935375,0.5912639253616924,-2,False,6,3,-1,1804
0.3593495917700156,0.5493918782995427,-2,False,6,3,-1,1805
0.4203792314322228,0.5798289538784409,-2,False,6,3,-1,1806
0.3453173494559056,0.5746769098609774,-2,False,6,3,-1,1807
0.3147807700962514,0.5287771779021024,-2,False,6,3,-1,1808
0.340865668346573,0.5586020540758018,-2,False,6,3,-1,1809
0.3402426028217332,0.5969216047671086,-2,False,6,3,-1,1810
0.3256414284440557,0.5255574222381706,-2,False,6,3,-1,1811
0.3577372637764351,0.5378916635404264,-2,False,6,3,-1,1812
0.3040634062047561,0.544543215514851,-2,False,6,3,-1,1813
0.3478764823015425,0.5594121580844574,-2,False,6,3,-1,1814
0.3001201550552161,0.5662681389899253,-2,False,6,3,-1,1815
0.3530234068840779,0.5507108798599444,-2,False,6,3,-1,1816
0.2750966972219981,0.5109788122461629,-2,False,6,3,-1,1817
0.3345596508285604,0.5459687810924987,-2,False,6,3,-1,1818
0.3385124549418543,0.5570286037395271,-2,False,6,3,-1,1819
0.3228869905616718,0.5727119998695135,-2,False,6,3,-1,1820
0.3270701272454772,0.5261337378416437,-2,False,6,3,-1,1821
0.3206494741624173,0.5175803443757577,-2,False,6,3,-1,1822
0.3456686862339669,0.5749487568437478,-2,False,6,3,-1,1823
0.3876974809896021,0.5961930548532842,-2,False,6,3,-1,1824
0.362272798678719,0.5438962196958576,-2,False,6,3,-1,1825
0.3322828611338731,0.5250659228933218,-2,False,6,3,-1,1826
0.2646075430201801,0.4976898443404177,-2,False,6,3,-1,1827
0.3505099159763766,0.5605876244379564,-2,False,6,3,-1,1828
0.3760492338523069,0.5382581132732008,-2,False,6,3,-1,1829
0.3507508629510591,0.5531749009117748,-2,False,6,3,-1,1830
0.3350861252754438,0.5614444861276485,-2,False,6,3,-1,1831
0.3512975047658674,0.5268785985744344,-2,False,6,3,-1,1832
0.1299383515405746,0.3023612628923431,-2,False,7,3,-1,2099
0.1545892437873892,0.3547798854980508,-2,False,7,3,-1,2100
0.2019570838410556,0.3068510876597781,-2,False,7,3,-1,2101
0.1163529756420653,0.2937034801850734,-2,False,7,3,-1,2102
0.1325420648837298,0.3531999108341896,-1,False,7,3,-1,2103
0.1983322648166467,0.3165984330739913,-1,False,7,3,-1,2104
0.1419655329067758,0.3274788367123913,-1,False,7,3,-1,2105
0.1800882269274696,0.3321752651867317,-1,False,7,3,-1,2106
0.1481314402897307,0.326084805384745,-1,False,7,3,-1,2107
0.1715584917356249,0.2995210056163586,-1,False,7,3,-1,2108
0.151934581304213,0.309109592392634,-1,False,7,3,-1,2109
0.1463259301402375,0.3085626362633001,-1,False,7,3,-1,2110
0.1425854141103643,0.3284585732382956,-1,False,7,3,-1,2111
0.1547282924820298,0.3390062361697847,-1,False,7,3,-1,2112
0.1723821694992973,0.3068402137804673,-1,False,7,3,-1,2113
0.1668021772265835,0.3300331109625014,-1,False,7,3,-1,2114
0.1737376289119386,0.3513252540410054,-1,False,7,3,-1,2115
0.1817865315948354,0.3158307371946479,-1,False,7,3,-1,2116
0.1748563871115658,0.3363562717817395,-1,False,7,3,-1,2117
0.1995178937625515,0.3303669390573434,-1,False,7,3,-1,2118
0.1896348220388996,0.2996656282111924,-1,False,7,3,-1,2119
0.1373864789473907,0.3156948137032627,-1,False,7,3,-1,2120
0.1750983955266655,0.3709210719470224,-1,False,7,3,-1,2121
0.1641018728054719,0.2913699456849728,-1,False,7,3,-1,2122
0.0926520725685584,0.2988827089008139,-1,False,7,3,-1,2123
0.0596709959283145,0.3367847026265855,-1,False,7,3,-1,2124
0.1480359106521914,0.3119411505651698,-1,False,7,3,-1,2125
0.1276551932033847,0.3152413729360018,-1,False,7,3,-1,2126
0.1574264740223072,0.3202542312982868,-1,False,7,3,-1,2127
0.1381719448560474,0.3478477874374072,-1,False,7,3,-1,2128
0.1457973328125199,0.3253703915140246,-1,False,7,3,-1,2129
0.0972714612637934,0.3344000608937241,-1,False,7,3,-1,2130
0.1393979085378021,0.3056843204097277,-1,False,7,3,-1,2131
0.1607901787041086,0.3505216743599362,-1,False,7,3,-1,2132
0.1648777857503746,0.3244037036432932,-1,False,7,3,-1,2133
0.1515365411477992,0.3712451135504847,-1,False,7,3,-1,2134
0.1573394359081047,0.3143942977376894,-1,False,7,3,-1,2135
0.1594994671569106,0.2958162749351645,-1,False,7,3,-1,2136
0.1107050511826569,0.3146106879359746,-1,False,7,3,-1,2137
0.1380169745551503,0.254013820700604,-1,False,7,3,-1,2138
0.1573521731931099,0.3221082277207805,-1,False,7,3,-1,2139
0.1158222554335135,0.2760334263050014,-1,False,7,3,-1,2140
0.158571768232362,0.340813474911242,-1,False,7,3,-1,2141
0.1895520296863656,0.2939176956074965,-1,False,7,3,-1,2142
0.1738374043111464,0.2943200291419965,-2,False,7,3,-1,2143
0.2133856128120104,0.3873678144046279,-2,False,7,3,-1,2144
0.148216355523099,0.3491874493684994,-2,False,7,3,-1,2145
0.1602796258634817,0.3293121727641945,-2,False,7,3,-1,2146
0.1547771187412165,0.28976822326249,-2,False,7,3,-1,2147
0.1228107791397237,0.3317055136005045,-2,False,7,3,-1,2148
0.1561782200917933,0.3083864794184649,-2,False,7,3,-1,2149
0.1474499955419502,0.2837875896415425,-2,False,7,3,-1,2150
0.1503137617872958,0.3504553436961403,-2,False,7,3,-1,2151
0.1474107222465174,0.356545803498127,-2,False,7,3,-1,2152
0.1705288945310344,0.2921039325384527,-2,False,7,3,-1,2153
0.1123853113629319,0.272926758985902,-2,False,7,3,-1,2154
0.1849007977786174,0.3146302609187341,-2,False,7,3,-1,2155
0.1475784298324197,0.2840898834863832,-2,False,7,3,-1,2156
0.1502490139218525,0.3180566202895714,-2,False,7,3,-1,2157
0.1584581941077319,0.3223811620914819,-2,False,7,3,-1,2158
0.1568999995754238,0.3272526600227264,-2,False,7,3,-1,2159
0.1125838007209303,0.2911252834004795,-2,False,7,3,-1,2160
0.2100070479643695,0.2668373865718464,-2,False,7,3,-1,2161
0.1614992209027338,0.4112338047160014,-2,False,7,3,-1,2162
0.203292375885772,0.2486562603641662,-2,False,7,3,-1,2163
0.1457845955275146,0.3215634463673087,-2,False,7,3,-1,2164
0.1794619770813785,0.3154218793325613,-2,False,7,3,-1,2165
0.6341936661727431,0.3518189281617163,-2,False,8,3,-1,2435
0.5863492393717971,0.324413490134673,-2,False,8,3,-1,2436
0.636231631773582,0.3793939987060084,-2,False,8,3,-1,2437
0.63876104428754,0.36881697630038,-2,False,8,3,-1,2438
0.6392694742473326,0.3486709401012358,-2,False,8,3,-1,2439
0.6478713873875404,0.3120074812289658,-2,False,8,3,-1,2440
0.6732843938538354,0.3871764341287576,-2,False,8,3,-1,2441
0.6557143706295191,0.4014527502759247,-2,False,8,3,-1,2442
0.6465965974465989,0.3709623926884035,-2,False,8,3,-1,2443
0.6001086914987114,0.3102643983754424,-2,False,8,3,-1,2444
0.6352869498023598,0.3767723064041712,-2,False,8,3,-1,2445
0.669049246589592,0.3826191913095956,-2,False,8,3,-1,2446
0.6571706668817853,0.4735650557014467,-2,False,8,3,-1,2447
0.6744031520534627,0.3922773709134602,-2,False,8,3,-1,2448
0.6182890429628624,0.4155746573368782,-2,False,8,3,-1,2449
0.6484031690365093,0.3667204923692552,-2,False,8,3,-1,2450
0.6343093631782074,0.3764776242748481,-2,False,8,3,-1,2451
0.6386708218520861,0.36889744300728,-2,False,8,3,-1,2452
0.6491026582713806,0.4345321785273505,-2,False,8,3,-1,2453
0.6353474519061347,0.3839762514475852,-2,False,8,3,-1,2454
0.6172859817686994,0.4380042081912932,-2,False,8,3,-1,2455
0.6199979620343992,0.3378220707128371,-2,False,8,3,-1,2456
0.6364311825719975,0.3760448438782778,-2,False,8,3,-1,2457
0.6796063329781046,0.3951959201204826,-2,False,8,3,-1,2458
0.7223155110411033,0.3086974723667542,-2,False,8,3,-1,2459
0.6244952850816672,0.3974576870171318,-2,False,8,3,-1,2460
0.6807346441414858,0.3840697668096581,-2,False,8,3,-1,2461
0.6380360804826581,0.3638508756191315,-2,False,8,3,-1,2462
0.6438018248283651,0.3246668515226149,-2,False,8,3,-1,2463
0.6313957092332579,0.3437646457561967,-2,False,8,3,-1,2464
0.6363303457323727,0.3815328907664453,-2,False,8,3,-1,2465
0.6024926866755261,0.3805607659560586,-2,False,8,3,-1,2466
0.6713759239838831,0.2937795973402491,-2,False,8,3,-1,2467
0.6348676808376038,0.3744779178695895,-2,False,8,3,-1,2468
0.6548790170212585,0.4060480516726745,-2,False,8,3,-1,2469
0.5456376921737875,0.3073175770822119,-2,False,8,3,-1,2470
0.6406334251833108,0.3652644799295372,-2,False,8,3,-1,2471
0.650787164213324,0.3638410891277517,-2,False,8,3,-1,2472
0.7166580336179409,0.4332631968117786,-2,False,8,3,-1,2473
0.644302824705238,0.3442398342820793,-2,False,8,3,-1,2474
0.4971468481588254,0.4017517819569721,-2,False,8,3,-1,2475
0.628067032085221,0.3923632745600157,-2,False,8,3,-1,2476
0.6383566354886235,0.3446682651269253,-2,False,8,3,-1,2477
0.5958979573640614,0.3391019263077199,-2,False,8,3,-1,2478
0.6250949989173308,0.339276995764624,-2,False,8,3,-1,2479
0.6818077604031775,0.4015832368276544,-2,False,8,3,-1,2480
0.6324380437228536,0.3853365737493679,-2,False,8,3,-1,2481
0.6343295305461323,0.3425870046268356,-2,False,8,3,-1,2482
0.5737701089887021,0.3679383668520663,-2,False,8,3,-1,2483
0.7068662457701599,0.3901460905685407,-2,False,8,3,-1,2484
0.6406833128829146,0.3795407960767043,-2,False,8,3,-1,2485
0.6254601344208144,0.419621915216363,-2,False,8,3,-1,2486
0.6416492236624789,0.3833129448096256,-2,False,8,3,-1,2487
0.688921534078606,0.3669890771882323,-2,False,8,3,-1,2488
0.5808944970683015,0.420277610138805,-2,False,8,3,-1,2489
0.6767903315515287,0.3413169355233326,-2,False,8,3,-1,2490
0.6072712914333267,0.3555986886101551,-2,False,8,3,-1,2491
0.6040837858607645,0.420169958733628,-2,False,8,3,-1,2492
0.6239465203860246,0.4310351389409929,-2,False,8,3,-1,2493
0.6249400286164336,0.3994291213361823,-2,False,8,3,-1,2494
0.6825008809955462,0.4021530281035411,-2,False,8,3,-1,2495
0.6220635250860829,0.4099724347159471,-2,False,8,3,-1,2496
0.6319858701051675,0.2898573890728387,-2,False,8,3,-1,2497
0.6040636184928395,0.34287298765271,-2,False,8,3,-1,2498
0.6349727634388971,0.3331897981264305,-2,False,8,3,-1,2499
0.5922179434379631,0.4166729191472704,-2,False,8,3,-1,2500
0.622771505844291,0.442745219570808,-2,False,8,3,-1,2501
0.6380530635293319,0.3681580192141447,-2,False,8,3,-1,2502
0.1975170785763112,0.8625770006578697,-2,False,9,3,-1,2775
0.2614073001626126,0.8287396630184801,-2,False,9,3,-1,2776
0.2381989054426418,0.8660696906925031,-2,False,9,3,-1,2777
0.2388920260350105,0.8275794200960164,-2,False,9,3,-1,2778
0.2117371958442484,0.9217885356690426,-2,False,9,3,-1,2779
0.2462870814209715,0.8839626590984466,-2,False,9,3,-1,2780
0.2318960722458805,0.8042342886036308,-2,False,9,3,-1,2781
0.2010675967715228,0.854186715381646,-2,False,9,3,-1,2782
0.2363657978423039,0.8641363149510404,-2,False,9,3,-1,2783
0.3524491676184249,0.912703409504858,-2,False,9,3,-1,2784
0.2750128434290469,0.8600509984939677,-2,False,9,3,-1,2785
0.2379664499912961,0.8688349182012429,-2,False,9,3,-1,2786
0.2427885738061979,0.8612492999940193,-2,False,9,3,-1,2787
0.2174318236820094,0.8778602380292181,-2,False,9,3,-1,2788
0.2021417744736316,0.8413174792172982,-2,False,9,3,-1,2789
0.2134015344182669,0.9412397309802258,-2,False,9,3,-1,2790
0.2345900080244895,0.8595671108646366,-2,False,9,3,-1,2791
0.2518352304811722,0.816025923328277,-2,False,9,3,-1,2792
0.230241286635616,0.8294018822685087,-2,False,9,3,-1,2793
0.331596109184007,0.9353623992127312,-2,False,9,3,-1,2794
0.2856537836105108,0.8654194327097163,-2,False,9,3,-1,2795
0.2316583095924493,0.863035878364786,-2,False,9,3,-1,2796
0.229903748582977,0.8622757942009601,-2,False,9,3,-1,2797
0.2971364460427378,0.8454810876054086,-2,False,9,3,-1,2798
0.2354253616327501,0.8653737624166109,-2,False,9,3,-1,2799
0.2231911993852137,0.87775149923611,-2,False,9,3,-1,2800
0.2509043472353723,0.9271286977985832,-2,False,9,3,-1,2801
0.2529412513957941,0.9015131003060995,-2,False,9,3,-1,2802
0.2255518428728521,0.8935882170643789,-2,False,9,3,-1,2803
0.1738087454198846,0.8006785300689948,-2,False,9,3,-1,2804
0.2594776014843182,0.9131905592979824,-2,False,9,3,-1,2805
0.2052539177765795,0.8512485931918642,-2,False,9,3,-1,2806
0.2170146775980877,0.9572874020671244,-2,False,9,3,-1,2807
0.2566424941302345,0.8901194495642293,-2,False,9,3,-1,2808
0.2943883768028565,0.8594007405111811,-2,False,9,3,-1,2809
0.2356546327628444,0.8307861271047753,-2,False,9,3,-1,2810
0.3065238250916023,0.8263060888287201,-2,False,9,3,-1,2811
0.2134514221178708,0.8976213389007596,-2,False,9,3,-1,2812
0.286465785529595,0.8867833433916716,-2,False,9,3,-1,2813
0.2272501475402179,0.8560494109075883,-2,False,9,3,-1,2814
0.2174456224074318,0.8672375453304844,-2,False,9,3,-1,2815
0.2343766585006517,0.8746872400463227,-2,False,9,3,-1,2816
0.2226180215599777,0.8744893354428659,-2,False,9,3,-1,2817
0.2417727753270298,0.8315418617168768,-2,False,9,3,-1,2818
0.2330413664559353,0.8663230520804449,-2,False,9,3,-1,2819
0.2525729315710592,0.9019513176423256,-2,False,9,3,-1,2820
0.2395639178190371,0.8647017566752027,-2,False,9,3,-1,2821
0.2169647898984838,0.8458518868899074,-2,False,9,3,-1,2822
0.220511062332027,0.8761519515894893,-2,False,9,3,-1,2823
0.2385937612778044,0.8637111462699876,-2,False,9,3,-1,2824
0.2058557544930772,0.8597291316663677,-2,False,9,3,-1,2825
0.2374187467360707,0.8477515536055066,-2,False,9,3,-1,2826
0.2387858819933002,0.8596530145111919,-2,False,9,3,-1,2827
0.2082822072865761,0.8671940498132411,-2,False,9,3,-1,2828
0.2915320406404307,0.8494837625797191,-2,False,9,3,-1,2829
0.2431717537967723,0.8632109478216902,-2,False,9,3,-1,2830
0.2628582892127933,0.9173878767119564,-2,False,9,3,-1,2831
0.2217136743246054,0.8551773257868611,-2,False,9,3,-1,2832
0.2649864772490861,0.8671777389942749,-2,False,9,3,-1,2833
0.2424765103235694,0.862661816916494,-2,False,9,3,-1,2834
0.2304939094548866,0.9024873998923486,-2,False,9,3,-1,2835
0.2164245167261781,0.8432247576484149,-2,False,9,3,-1,2836
0.223235779882732,0.9084712956770892,-2,False,9,3,-1,2837
0.2605454105439245,0.8790574521413387,-2,False,9,3,-1,2838
0.1719193814774401,0.8137641564316278,-2,False,9,3,-1,2839
0.241345014838937,0.8784909230292453,-2,False,9,3,-1,2840
0.2566541699748226,0.7853485350166098,-2,False,9,3,-1,2841
0.257436451562228,0.9138168947462852,-2,False,9,3,-1,2842
0.304093126536435,0.1229629146346104,-2,False,10,3,-1,3117
0.3096020023012028,0.0468316234158117,10,True,10,3,-1,3118
0.3225844800427973,0.1220375475052602,10,True,10,3,-1,3119
0.3204945038615202,0.1165875591946805,10,True,10,3,-1,3120
0.307463199860739,0.1259303962985314,10,True,10,3,-1,3121
0.3334058650951687,0.1002821771681156,10,True,10,3,-1,3122
0.3391917768088006,0.1718333904211997,10,True,10,3,-1,3123
0.3408932657974177,0.1303158318245826,10,True,10,3,-1,3124
0.3136535203732873,0.101610965219897,10,True,10,3,-1,3125
0.3322499564809429,0.1272461356951399,10,True,10,3,-1,3126
0.2877809102063864,0.1274440402985967,10,True,10,3,-1,3127
0.2949700461514293,0.1356570813420541,10,True,10,3,-1,3128
0.2764404807900513,0.1430360958423722,10,True,10,3,-1,3129
0.3043202747856952,0.1547494386359806,10,True,10,3,-1,3130
0.3177103456474574,0.1182306023585444,10,True,10,3,-1,3131
0.3559359993886103,0.0692687859857443,10,True,10,3,-1,3132
0.2657485914685665,0.2019192396983586,10,True,10,3,-1,3133
0.3479348615244831,0.0759105514687892,10,True,10,3,-1,3134
0.4529198102993687,0.1402708683336323,10,True,10,3,-1,3135
0.3727959189738843,0.104658913590718,10,True,10,3,-1,3136
0.4070942431717538,0.1789992768870258,10,True,10,3,-1,3137
0.253011306463323,0.1108852968840898,10,True,10,3,-1,3138
0.3346573033469339,0.1772746796283308,10,True,10,3,-1,3139
0.2801682595349192,0.0900922648659522,10,True,10,3,-1,3140
0.3546442264009952,0.0900378954693981,10,True,10,3,-1,3141
0.3452165126162808,0.1248832417209001,10,True,10,3,-1,3142
0.3685788161967316,0.1436559069630886,10,True,10,3,-1,3143
0.3652384632041065,0.1926068494565778,10,True,10,3,-1,3144
0.354836347116491,0.1204053782207071,10,True,10,3,-1,3145
0.3934791469415656,0.1153457621773856,10,True,10,3,-1,3146
0.3332604477580255,0.1058659141942183,10,True,10,3,-1,3147
0.3242796003889118,0.1182686609361322,10,True,10,3,-1,3148
0.3227521876286996,0.1271243482468588,10,True,10,3,-1,3149
0.2703064166196094,0.1428273173596046,10,True,10,3,-1,3150
0.3076574434570689,0.1076024727201552,10,True,10,3,-1,3151
0.3840100369805841,0.1151315467549625,10,True,10,3,-1,3152
0.3216228150249013,0.1289794320572836,10,True,10,3,-1,3153
0.3605553880838453,0.0888656912796924,10,True,10,3,-1,3154
0.2438988404824883,0.1014804786681672,10,True,10,3,-1,3155
0.3203267962756179,0.129213220462466,10,True,10,3,-1,3156
0.4199695154312208,0.0706856524599433,10,True,10,3,-1,3157
0.3353164578459552,0.1582921485154436,10,True,10,3,-1,3158
0.2670467330986842,0.217697238578349,10,True,10,3,-1,3159
0.3399061262095113,0.1102383010650964,10,True,10,3,-1,3160
0.3268164429857894,0.1222919962811332,10,True,10,3,-1,3161
0.3462885674375555,0.1847167626286515,10,True,10,3,-1,3162
0.2726904117964242,0.1008258711336562,10,True,10,3,-1,3163
0.379153947072335,0.1423369054026869,10,True,10,3,-1,3164
0.4035808753911408,0.0876478167968813,10,True,10,3,-1,3165
0.331605662147761,0.1324558112729506,10,True,10,3,-1,3166
0.3084025746298757,0.130428920169415,10,True,10,3,-1,3167
0.3266413053169673,0.1166734628412359,10,True,10,3,-1,3168
0.3233243040135185,0.1259075611519787,10,True,10,3,-1,3169
0.3156532741191106,0.1226301739276995,10,True,10,3,-1,3170
0.2659640638732385,0.1434906239975642,10,True,10,3,-1,3171
0.2735087823580111,0.1096076160650692,10,True,10,3,-1,3172
0.3238783759112466,0.1292904250055728,10,True,10,3,-1,3173
0.3041939633760598,0.1026189738320094,10,True,10,3,-1,3174
0.3848613121951012,0.0644505700631228,10,True,10,3,-1,3175
0.3167667251166523,0.1314195305746301,10,True,10,3,-1,3176
0.319928756119204,0.0984151320904489,10,True,10,3,-1,3177
0.3166881785257866,0.1301853452728528,10,True,10,3,-1,3178
0.319478705382352,0.1243254117122554,10,True,10,3,-1,3179
0.3281910083259386,0.1666726473002876,10,True,10,3,-1,3180
0.3091232926730891,0.1835652188096364,10,True,10,3,-1,3181
0.2837145319684624,0.1537272939807641,-2,False,10,3,-1,3182
0.279940049845242,0.0632914145285901,-2,False,10,3,-1,3183
0.3066639352266599,0.1617435178086958,-2,False,10,3,-1,3184
0.0962132051679411,0.5909583693530586,-2,False,11,3,-1,3462
0.0598843454521523,0.5200682879620719,-2,False,11,3,-1,3463
0.1490739993801188,0.4810343234000446,-2,False,11,3,-1,3464
0.1503424206785576,0.5832596628010026,-2,False,11,3,-1,3465
0.1371582692577135,0.5500714957564686,-2,False,11,3,-1,3466
0.2160806100310365,0.5099958135564653,-2,False,11,3,-1,3467
0.1472865337177163,0.5562130627912161,-2,False,11,3,-1,3468
0.1296613155917105,0.5310813529280638,-2,False,11,3,-1,3469
0.1245462342216882,0.5136396505135189,-2,False,11,3,-1,3470
0.1500016983046673,0.5298123712124919,-2,False,11,3,-1,3471
0.1171002296957062,0.5764950224817454,-2,False,11,3,-1,3472
0.1296708685554645,0.5478727973598221,-2,False,11,3,-1,3473
0.0704881352190176,0.5524082924203624,-2,False,11,3,-1,3474
0.1178708354385234,0.5509827268427148,-2,False,11,3,-1,3475
0.114772490860998,0.5304430562125191,-2,False,11,3,-1,3476
0.1085800474676154,0.5630114121363367,-2,False,11,3,-1,3477
0.2024824968475219,0.585792189292491,-2,False,11,3,-1,3478
0.1273855873374404,0.5446660903510632,-2,False,11,3,-1,3479
0.1356828670779394,0.5529487242221098,-2,False,11,3,-1,3480
0.1569668703217013,0.5563522484463945,-2,False,11,3,-1,3481
0.117630949904258,0.5485045697477804,-2,False,11,3,-1,3482
0.1544894683881815,0.5086311417029582,-2,False,11,3,-1,3483
0.214579733281252,0.5698184605849059,-2,False,11,3,-1,3484
0.0715421455532015,0.6049226051640053,-2,False,11,3,-1,3485
0.1426926195924918,0.534398973505793,-2,False,11,3,-1,3486
0.188439640129241,0.5272396113675535,-2,False,11,3,-1,3487
0.1202176802007396,0.5511697575668608,-2,False,11,3,-1,3488
0.143760428652098,0.5452489302821228,-2,False,11,3,-1,3489
0.127453519524135,0.5546374376790792,-2,False,11,3,-1,3490
0.1348974011692827,0.5598003555758535,-1,False,11,3,-1,3491
0.1341108738202089,0.620971363638835,-1,False,11,3,-1,3492
0.1658574952553613,0.5228161172639145,-1,False,11,3,-1,3493
0.1746780651214924,0.5387224279197725,-1,False,11,3,-1,3494
0.127166930611517,0.5506336753168377,-1,False,11,3,-1,3495
0.1602573356147226,0.5392878696439348,-1,False,11,3,-1,3496
0.1450341571526223,0.5646403192570966,-1,False,11,3,-1,3497
0.1346362868266752,0.5521984265496638,-1,False,11,3,-1,3498
0.1239061856501747,0.5230433813415105,-2,False,11,3,-1,3499
0.1510312955092579,0.4881806368831112,-2,False,11,3,-1,3500
0.1142831668287132,0.6225654743458002,-2,False,11,3,-1,3501
0.173034955355816,0.5253845275571286,-2,False,11,3,-1,3502
0.1288450679109579,0.5670021258434053,-2,False,11,3,-1,3503
0.1675271410314653,0.5510903782478919,-2,False,11,3,-1,3504
0.1932585796228914,0.5055886302717926,-2,False,11,3,-1,3505
0.1171978822140798,0.5743430817661355,-2,False,11,3,-1,3506
0.1557398451995295,0.5530085305583193,-2,False,11,3,-1,3507
0.1256586237788128,0.5534097767048883,-2,False,11,3,-1,3508
0.1219488895210356,0.5288174112555525,-2,False,11,3,-1,3509
0.1147470162909875,0.5864783310770034,-2,False,11,3,-1,3510
0.1313606816994934,0.6044006589570863,-2,False,11,3,-1,3511
0.0479176661897261,0.5295394368417905,-2,False,11,3,-1,3512
0.0787864763999337,0.5708873629211589,-2,False,11,3,-1,3513
0.0631026327968105,0.5477129513339531,-2,False,11,3,-1,3514
0.0884784888485069,0.5424978388164869,-2,False,11,3,-1,3515
0.1899850973765438,0.5301048785659528,-2,False,11,3,-1,3516
0.1336597616429399,0.5559738374463782,-2,False,11,3,-1,3517
0.2035301385392032,0.5871209773442725,-2,False,11,3,-1,3518
0.1269652569322673,0.5420183007388801,-2,False,11,3,-1,3519
0.2127009837429785,0.5882192391546647,-2,False,11,3,-1,3520
0.1385912138208034,0.5314760747470464,-2,False,11,3,-1,3521
0.130484993355383,0.5301288011004366,-2,False,11,3,-1,3522
0.1317003426329666,0.5922469240513899,-2,False,11,3,-1,3523
0.1746886795256635,0.5283933299624307,-2,False,11,3,-1,3524
0.0377066093771892,0.6219369641216352,-2,False,11,3,-1,3525
0.1245727702321157,0.5495669477564469,-2,False,11,3,-1,3526
0.1259144309193347,0.5520124832134489,-2,False,11,3,-1,3527
0.0645759120957504,0.5608442479896916,-2,False,11,3,-1,3528
0.1951267147569938,0.5721171986712119,-2,False,11,3,-1,3529
0.0789860271983492,0.59772735922404,-2,False,11,3,-1,3530
0.5054940155989284,0.0555437755196355,-2,False,12,3,-1,3810
0.5059419434549461,0.1309356429452989,-2,False,12,3,-1,3811
0.5067518224931962,0.131377122445318,-2,False,12,3,-1,3812
0.5297192702384844,0.1247821146433095,-2,False,12,3,-1,3813
0.4895872695082134,0.1096434998667949,-2,False,12,3,-1,3814
0.5178831481473619,0.1389268568508158,-2,False,12,3,-1,3815
0.4950441346925431,0.1577397554464543,-2,False,12,3,-1,3816
0.5192608978087624,0.1334420721264414,-2,False,12,3,-1,3817
0.4700302298230791,0.0261473301907822,-2,False,12,3,-1,3818
0.5305556852871621,0.1709993638780603,-2,False,12,3,-1,3819
0.5093226311834211,0.1585150630413153,-2,False,12,3,-1,3820
0.489367551341873,0.1188993459361594,-2,False,12,3,-1,3821
0.5319907527310862,0.1369706459628004,-2,False,12,3,-1,3822
0.4948424610132935,0.1576723373947272,-2,False,12,3,-1,3823
0.5152125640579291,0.1170344756343549,-2,False,12,3,-1,3824
0.4947724059457646,0.0781853670206114,-2,False,12,3,-1,3825
0.4867840053666427,0.0809440702017648,-2,False,12,3,-1,3826
0.5121662300608417,0.1228726614363307,-2,False,12,3,-1,3827
0.5127606366944198,0.1434677888510115,-2,False,12,3,-1,3828
0.5067061805552607,0.1337487155230064,-2,False,12,3,-1,3829
0.5491245239439729,0.155810729256716,-2,False,12,3,-1,3830
0.5152847420062923,0.1560075464722417,-2,False,12,3,-1,3831
0.5005827307889898,0.0707606822271879,-2,False,12,3,-1,3832
0.4812220575810197,0.0974560559352351,-2,False,12,3,-1,3833
0.5150575937570321,0.1826387642923551,-2,False,12,3,-1,3834
0.5536685503695935,0.1870905304822021,-2,False,12,3,-1,3835
0.5403825006687074,0.1340216498937078,-2,False,12,3,-1,3836
0.539486644956672,0.1383396673680318,-2,False,12,3,-1,3837
0.531700979497217,0.1454946799545471,-2,False,12,3,-1,3838
0.5510563455031016,0.139410744480147,-2,False,12,3,-1,3839
0.5179797392253184,0.1417866871095597,-2,False,12,3,-1,3840
0.5031885670129793,0.1506097527823538,-2,False,12,3,-1,3841
0.5249597714081917,0.1328972907729697,-2,False,12,3,-1,3842
0.524941726921101,0.1146878924790813,-2,False,12,3,-1,3843
0.5238495047319014,0.1878136434563712,-2,False,12,3,-1,3844
0.449820404281426,0.1153892576946288,-2,False,12,3,-1,3845
0.4860452428363386,0.1225747171432144,-2,False,12,3,-1,3846
0.4890438120146563,0.1664018877054483,-2,False,12,3,-1,3847
0.4951524016150877,0.1343163320230308,-2,False,12,3,-1,3848
0.5153813330842486,0.1341988941264741,-2,False,12,3,-1,3849
0.5534191118715742,0.1377927112386979,-2,False,12,3,-1,3850
0.5339406187773056,0.1366814007731328,-2,False,12,3,-1,3851
0.5067528839336133,0.1496919973685212,-2,False,12,3,-1,3852
0.5576861023483308,0.1847330734476178,-2,False,12,3,-1,3853
0.5227127020451834,0.1288413337900362,-2,False,12,3,-1,3854
0.5905037171643407,0.1730708378867703,-2,False,12,3,-1,3855
0.518263143816685,0.1347762971178782,-2,False,12,3,-1,3856
0.557914312038008,0.1425685190320072,-2,False,12,3,-1,3857
0.5498271975000956,0.137058724385218,-2,False,12,3,-1,3858
0.5187917411444026,0.1332256819281563,-2,False,12,3,-1,3859
0.5175689617838992,0.1549810522653009,-2,False,12,3,-1,3860
0.5355624997346399,0.2047932060002066,-2,False,12,3,-1,3861
0.5391246937744396,0.1770963480076334,-2,False,12,3,-1,3862
0.5401999329169657,0.2053162395950567,-2,False,12,3,-1,3863
0.4898770427420827,0.1207065846776166,-2,False,12,3,-1,3864
0.553714192307529,0.1540013157393966,-2,False,12,3,-1,3865
0.5161859049204132,0.1298254198676648,-2,False,12,3,-1,3866
0.5039071621753585,0.1607713929983091,-2,False,12,3,-1,3867
0.4862097661009897,0.1328429213764156,-2,False,12,3,-1,3868
0.5194562028455094,0.1375230390317897,-2,False,12,3,-1,3869
0.5436432456300498,0.1360039580920691,-2,False,12,3,-1,3870
0.553191963622314,0.134919832324781,-2,False,12,3,-1,3871
0.4994289450555982,0.1112865430306589,-2,False,12,3,-1,3872
0.5802778001859643,0.139919642031893,-2,False,12,3,-1,3873
0.5629678298638384,0.1448574706269335,-2,False,12,3,-1,3874
0.5267398069876745,0.1570003316533189,-2,False,12,3,-1,3875
0.5349245740439607,0.1831889825854822,-2,False,12,3,-1,3876
0.5214676324359209,0.1349350557558161,-2,False,12,3,-1,3877
0.4513329568757987,0.1099740657978437,-2,False,12,3,-1,3878
0.5070999749500061,0.1518863462134433,-2,False,12,3,-1,3879
0.4629896955364307,0.3680906011624177,-2,False,13,3,-1,4160
0.3986929422703786,0.3878723624046497,-2,False,13,3,-1,4161
0.3801081820073112,0.3833716637579039,-2,False,13,3,-1,4162
0.4115639687681772,0.4163564892593257,-2,False,13,3,-1,4163
0.3486067533085097,0.3646337949295101,-2,False,13,3,-1,4164
0.3949948838571895,0.3654634719209251,-2,False,13,3,-1,4165
0.3956423625116227,0.3863913400425168,-2,False,13,3,-1,4166
0.382544187764564,0.4455963507261033,-2,False,13,3,-1,4167
0.4015620157178097,0.3870666079477184,-2,False,13,3,-1,4168
0.403460932624008,0.3640433432829329,-2,False,13,3,-1,4169
0.4022434604655902,0.4583318381749281,-2,False,13,3,-1,4170
0.4752068747372935,0.3967802443360681,-2,False,13,3,-1,4171
0.3799139384109812,0.3944880305773486,-2,False,13,3,-1,4172
0.4021680981959759,0.3839110081717203,-2,False,13,3,-1,4173
0.4000303571959291,0.3562032762998363,-2,False,13,3,-1,4174
0.3797334935400736,0.3822701397837185,-2,False,13,3,-1,4175
0.4130669683987959,0.4470306154071995,-2,False,13,3,-1,4176
0.4283294201563289,0.3510621061616837,-2,False,13,3,-1,4177
0.4171736813725698,0.4171546320007394,-2,False,13,3,-1,4178
0.4068766478862475,0.3708406052401224,-2,False,13,3,-1,4179
0.3983936160727553,0.3839218820510311,-2,False,13,3,-1,4180
0.4028283141354143,0.4052314233364323,-2,False,13,3,-1,4181
0.413334451383906,0.4449308693122815,-2,False,13,3,-1,4182
0.4348509100790136,0.3725249691453675,-2,False,13,3,-1,4183
0.3723182707861877,0.3284933696520902,-2,False,13,3,-1,4184
0.3576035222838801,0.3987505912671875,-2,False,13,3,-1,4185
0.4121700512463433,0.4191956591473791,-2,False,13,3,-1,4186
0.4421185926149221,0.357267829084365,-2,False,13,3,-1,4187
0.4027699349124736,0.3649176031795223,-2,False,13,3,-1,4188
0.399362711173571,0.3757860455506804,-2,False,13,3,-1,4189
0.4239021521765897,0.383051971706166,-2,False,13,3,-1,4190
0.386385540634062,0.3695629244211018,-2,False,13,3,-1,4191
0.3719467666402014,0.3222767728500981,-2,False,13,3,-1,4192
0.4674190863970042,0.3823092857492374,-2,False,13,3,-1,4193
0.4226772499352521,0.334197806738543,-2,False,13,3,-1,4194
0.4125447397135809,0.3727794179212405,-2,False,13,3,-1,4195
0.4009941450946592,0.3847080635252029,-2,False,13,3,-1,4196
0.3957315235066594,0.3748791640161585,-2,False,13,3,-1,4197
0.4106755431390614,0.380365036128464,-2,False,13,3,-1,4198
0.4449696215752625,0.3833901493527323,-2,False,13,3,-1,4199
0.395481023568223,0.3524713609203651,-2,False,13,3,-1,4200
0.3813681117824132,0.3998727756120634,-2,False,13,3,-1,4201
0.3949991296188579,0.4008992698190042,-2,False,13,3,-1,4202
0.3921427934564321,0.4054706486812703,-2,False,13,3,-1,4203
0.4766631709895597,0.4325237730186432,-2,False,13,3,-1,4204
0.4147748260299156,0.390950757637541,-2,False,13,3,-1,4205
0.3998668953716952,0.3864261364563114,-2,False,13,3,-1,4206
0.4224108283905591,0.3855355657407558,-2,False,13,3,-1,4207
0.378017144385617,0.4093232641210915,-2,False,13,3,-1,4208
0.4187796407236476,0.4228373213285705,-2,False,13,3,-1,4209
0.3699417056922927,0.3899503607409461,-2,False,13,3,-1,4210
0.4057313536761927,0.3875374469218766,-2,False,13,3,-1,4211
0.4032603203851755,0.3839577658527568,-2,False,13,3,-1,4212
0.4298886761290542,0.4658902716838746,-2,False,13,3,-1,4213
0.3842711513231916,0.3974729104481669,-2,False,13,3,-1,4214
0.3977970865583431,0.3809446138957303,-2,False,13,3,-1,4215
0.3923986005969541,0.3864348355597601,-2,False,13,3,-1,4216
0.4227770253344599,0.3960342962153463,-2,False,13,3,-1,4217
0.3902130947781377,0.3732796163695379,-2,False,13,3,-1,4218
0.3943771255344352,0.3937997140169741,-2,False,13,3,-1,4219
0.3944355047573759,0.3791699967922056,-2,False,13,3,-1,4220
0.3666087827825873,0.4038667514829253,-2,False,13,3,-1,4221
0.411153191326758,0.4197110810267117,-2,False,13,3,-1,4222
0.4204344263339121,0.4038167316380955,-2,False,13,3,-1,4223
0.4056782816553375,0.4076813083451587,-2,False,13,3,-1,4224
0.4337873467810758,0.4413370522000576,-2,False,13,3,-1,4225
0.3848368990655078,0.3853289620338503,-2,False,13,3,-1,4226
0.3697326019301232,0.4113599417160068,-2,False,13,3,-1,4227
0.4233034997813433,0.4228623312509854,-2,False,13,3,-1,4228
0.4159137515974678,0.3819515351199117,-2,False,13,3,-1,4229
0.799749712349647,0.5225236099104537,-2,False,14,3,-1,4510
0.9252363827808888,0.5103198551599276,-2,False,14,3,-1,4511
0.8343441784238883,0.5419226106009449,-2,False,14,3,-1,4512
0.8635900462363446,0.5497746388512834,-2,False,14,3,-1,4513
0.8741991432052953,0.478020084055087,-2,False,14,3,-1,4514
0.8189225106037897,0.5203401349448422,-2,False,14,3,-1,4515
0.8972589362668716,0.5556671940498132,-2,False,14,3,-1,4516
0.9557358117259446,0.5437483349372305,-2,False,14,3,-1,4517
0.8374149255505692,0.5021894555992323,-2,False,14,3,-1,4518
0.933092103307873,0.6295736895616195,-2,False,14,3,-1,4519
0.8957187862216542,0.478755158296498,-2,False,14,3,-1,4520
0.8888459595209083,0.5436221979372251,-2,False,14,3,-1,4521
0.9102679500188936,0.5332713522212617,-2,False,14,3,-1,4522
0.8693048414420305,0.5575266274119623,-2,False,14,3,-1,4523
0.8854557188286792,0.5195202444448069,-2,False,14,3,-1,4524
0.8540774172182619,0.5077470953149891,-2,False,14,3,-1,4525
0.8889828853347146,0.555771583291197,-2,False,14,3,-1,4526
0.888003175829728,0.5233935202553187,-2,False,14,3,-1,4527
0.8940321573988765,0.5969324786464195,-2,False,14,3,-1,4528
0.8697920425934811,0.5308660501177097,-2,False,14,3,-1,4529
0.9187233843815412,0.6008525121379678,-2,False,14,3,-1,4530
0.8909200140959287,0.5457371674631784,-2,False,14,3,-1,4531
0.8971135189297283,0.5432209517906561,-2,False,14,3,-1,4532
0.9151442072950676,0.5899427490254285,-2,False,14,3,-1,4533
0.8928751873442337,0.5381298014973331,-2,False,14,3,-1,4534
0.8777443541984215,0.4979312444611177,-2,False,14,3,-1,4535
0.8754675645037342,0.549435373816786,-2,False,14,3,-1,4536
0.892919767841752,0.5406558036612351,-2,False,14,3,-1,4537
0.8857794581558959,0.5333529063160928,-2,False,14,3,-1,4538
0.874893325238081,0.522140849358713,-2,False,14,3,-1,4539
0.9597130289688318,0.5913509163961789,-2,False,14,3,-1,4540
0.8622282181812007,0.5526997123858922,-2,False,14,3,-1,4541
0.8314973952252164,0.541388703126784,-2,False,14,3,-1,4542
0.8881963579856408,0.5359593751868948,-2,False,14,3,-1,4543
0.931361955427994,0.5511784566703094,-2,False,14,3,-1,4544
0.88246139541203,0.5056843204097278,-2,False,14,3,-1,4545
0.8902322007056456,0.5409265632560745,-2,False,14,3,-1,4546
0.8578200561289693,0.5142757724532016,-2,False,14,3,-1,4547
0.8804563344641212,0.540839572221588,-2,False,14,3,-1,4548
0.8899572876376157,0.5365150304196774,-2,False,14,3,-1,4549
0.8215973404548909,0.4596084316060176,-2,False,14,3,-1,4550
0.7926645975654802,0.5404546368939851,-2,False,14,3,-1,4551
0.8787590912371724,0.5715158731453239,-2,False,14,3,-1,4552
0.8901058892960103,0.53914215966117,-2,False,14,3,-1,4553
0.8459733196336757,0.5307736221435678,-2,False,14,3,-1,4554
0.8840227742655894,0.532353596807429,-2,False,14,3,-1,4555
0.8938304837196269,0.5563098403170823,-2,False,14,3,-1,4556
0.9261566516225178,0.5033192516596259,-2,False,14,3,-1,4557
0.8405652807085328,0.4458051292088709,-2,False,14,3,-1,4558
0.8282600019530504,0.5709830530590941,-2,False,14,3,-1,4559
0.902547032424882,0.5605082451189874,-2,False,14,3,-1,4560
0.8912458763039796,0.5666411130502863,-2,False,14,3,-1,4561
0.8601817610570248,0.4701267350633675,-2,False,14,3,-1,4562
0.8818860947059598,0.524079662039831,-2,False,14,3,-1,4563
0.8648584675347833,0.5329233880833156,-2,False,14,3,-1,4564
0.933236459204599,0.5164298879446737,-2,False,14,3,-1,4565
0.9612935137498992,0.5935333039738592,-2,False,14,3,-1,4566
0.9269665306607678,0.5439973467734481,-2,False,14,3,-1,4567
0.8700181294023241,0.5111038618582372,-2,False,14,3,-1,4568
0.9166588827702744,0.5771876885938443,-2,False,14,3,-1,4569
0.9059871608167148,0.4828437369173639,-2,False,14,3,-1,4570
0.7909599242556118,0.6047236131726174,-2,False,14,3,-1,4571
0.932733336446892,0.6102094852849228,-2,False,14,3,-1,4572
0.941430779224639,0.499151293719791,-2,False,14,3,-1,4573
0.8900071753372196,0.58168838724059,-2,False,14,3,-1,4574
0.8237563102632797,0.4477243689072295,-2,False,14,3,-1,4575
0.8415089012393379,0.5477466603598167,-2,False,14,3,-1,4576
0.8778175935872016,0.5246364046605446,-2,False,14,3,-1,4577
0.8395802640014606,0.4984792879783827,-2,False,14,3,-1,4578
0.8558999104144288,0.5726869899470985,-2,False,14,3,-1,4579
0.7056105617567263,0.8403986364155345,-2,False,15,3,-1,4860
0.6983577393866572,0.8596019072784311,-2,False,15,3,-1,4861
0.6705554305414619,0.8851979317881551,-2,False,15,3,-1,4862
0.6696468375444213,0.8332860319583313,-2,False,15,3,-1,4863
0.6948581703314666,0.8799241003224105,-2,False,15,3,-1,4864
0.6933254503691689,0.8802100833482849,-2,False,15,3,-1,4865
0.7043485091007902,0.8812605000897095,-2,False,15,3,-1,4866
0.6897271673551877,0.8600042408129313,-2,False,15,3,-1,4867
0.6947445962068365,0.8804558330207093,-2,False,15,3,-1,4868
0.7085380144270982,0.88221631408113,-2,False,15,3,-1,4869
0.6823459106946491,0.829177880354706,-2,False,15,3,-1,4870
0.6935525986184291,0.9088790661512448,-2,False,15,3,-1,4871
0.6946872784243129,0.8794924073137712,-2,False,15,3,-1,4872
0.6111190129453273,0.8127691964746884,-2,False,15,3,-1,4873
0.6548386822854085,0.8730920419514264,-2,False,15,3,-1,4874
0.7066178687125577,0.8129540524229721,-2,False,15,3,-1,4875
0.6836843870606167,0.8453016685967802,-2,False,15,3,-1,4876
0.740197597748048,0.904874216401072,-2,False,15,3,-1,4877
0.7292849288198057,0.9074154419960092,-2,False,15,3,-1,4878
0.6964673140037957,0.8592495935887607,-2,False,15,3,-1,4879
0.692208815050376,0.8845998684260603,-2,False,15,3,-1,4880
0.6894384555617356,0.8900629053918131,-2,False,15,3,-1,4881
0.6701733119913047,0.8307393694237387,-2,False,15,3,-1,4882
0.6972941760887195,0.8496392590538637,-2,False,15,3,-1,4883
0.6772456894904662,0.8773274179429883,-2,False,15,3,-1,4884
0.6856830793660229,0.8892799860814344,-2,False,15,3,-1,4885
0.6953177740320725,0.8972744621507446,-2,False,15,3,-1,4886
0.6582681962730704,0.8837310454691263,-2,False,15,3,-1,4887
0.6931025478815772,0.903425815676872,-2,False,15,3,-1,4888
0.6527487061041316,0.840059371381037,-2,False,15,3,-1,4889
0.6780003736270268,0.9084364992632948,-2,False,15,3,-1,4890
0.6576982027690857,0.8659305050373246,-2,False,15,3,-1,4891
0.6427881492300311,0.8891864707193615,-2,False,15,3,-1,4892
0.692516632771336,0.8826915026070126,-2,False,15,3,-1,4893
0.7465513800848304,0.8931847961419476,-2,False,15,3,-1,4894
0.7093213574549206,0.932298140022944,-2,False,15,3,-1,4895
0.6937309206085026,0.8837941139691291,-2,False,15,3,-1,4896
0.7005007875887895,0.9116040603065346,-2,False,15,3,-1,4897
0.6326089356300073,0.8830101072708194,-2,False,15,3,-1,4898
0.6143999252745946,0.8732790726755724,-2,False,15,3,-1,4899
0.7784805692717245,0.8579512523990496,-2,False,15,3,-1,4900
0.6895063877484301,0.9293654547728176,-2,False,15,3,-1,4901
0.750451112177269,0.8964067265817417,-2,False,15,3,-1,4902
0.6672299377146763,0.8636241552355011,-2,False,15,3,-1,4903
0.6944781746621436,1.0,-2,False,15,3,-1,4904
0.6960034645415214,0.9848776960424516,-2,False,15,3,-1,4905
0.6980286928573551,0.919494147134461,-2,False,15,3,-1,4906
0.6519037995321171,0.9178478418068038,-2,False,15,3,-1,4907
0.6728576948061598,0.824138924682075,-2,False,15,3,-1,4908
0.7032944987666062,0.8652998200372974,-2,False,15,3,-1,4909
0.6865407232230426,0.8781364345637128,-2,False,15,3,-1,4910
0.7033592466320495,0.9006595007802009,-2,False,15,3,-1,4911
0.6761364842545928,0.9077764547891284,-2,False,15,3,-1,4912
0.741333338994349,0.8768261321067597,-2,False,15,3,-1,4913
0.6928690309898144,0.8762248065808718,-2,False,15,3,-1,4914
0.715582794475415,0.7869382961718507,-2,False,15,3,-1,4915
0.6289639492376735,0.9413865283509218,-2,False,15,3,-1,4916
0.6916441287484768,0.8797892642189564,-2,False,15,3,-1,4917
0.6916016711317927,0.8765640716153691,-2,False,15,3,-1,4918
0.7109453612930892,0.8893343554779886,-2,False,15,3,-1,4919
0.7268054040054516,0.8638144481234403,-2,False,15,3,-1,4920
0.6712527968954991,0.9078960674615472,-2,False,15,3,-1,4921
0.7282479015322953,0.8701191233478499,-2,False,15,3,-1,4922
0.7031830475228104,0.8620050346061209,-2,False,15,3,-1,4923
0.6870661362295089,0.8678540942874075,-2,False,15,3,-1,4924
0.730333631951904,0.927954025238274,-2,False,15,3,-1,4925
0.6681873569709038,0.884581382831232,-2,False,15,3,-1,4926
0.6476516692212,0.8988827089008139,-2,False,15,3,-1,4927
0.6790108649041094,0.8588885807956418,-2,False,15,3,-1,4928
0.6383959087840563,0.910366612840964,-2,False,15,3,-1,4929
