,sil,sil_clusters,ic,ic_clusters,conn,conn_clusters
2,0.26100655760564484,"[37, 37, 37, 37, 37, 37, 37, 37, 37, 37, 37, 37, 37, 36, 37, 37, 37, 37, 37, 37, 37, 37, 37, 37, 37, 37, 37, 37, 37, 37, 37, 37, 37, 37, 37, 37, 36, 37, 37, 37, 36, 37, 37, 37, 37, 37, 37, 37, 37, 37, 37, 37, 37, 37, 37, 37, 37, 37, 37, 37, 37]",,,13.746031746031747,"[25, 25, 25, 25, 25, 25, 25, 25, 25, 25, 25, 25, 25, 25, 25, 25, 25, 25, 25, 25, 25, 25, 25, 25, 25, 25, 25, 25, 25, 49, 25, 25, 25, 25, 25, 25, 25, 25, 25, 25, 25, 25, 25, 25, 25, 25, 25, 25, 49, 49, 25, 25, 25, 25, 25, 25, 25, 25, 25, 25, 49]"
3,0.15886525457175404,"[31, 31, 19, 31, 31, 31, 31, 31, 31, 31, 31, 31, 31, 31, 31, 31, 31, 31, 31, 19, 19, 31, 31, 31, 31, 31, 31, 49, 31, 49, 31, 31, 31, 31, 31, 31, 31, 31, 31, 31, 19, 31, 31, 31, 19, 31, 31, 31, 49, 49, 19, 19, 19, 49, 19, 19, 31, 31, 31, 31, 31]",,,37.92063492063492,"[37, 37, 37, 37, 37, 37, 37, 37, 37, 37, 37, 37, 37, 48, 37, 37, 37, 17, 37, 48, 48, 48, 37, 37, 37, 37, 37, 37, 37, 37, 37, 37, 37, 37, 37, 37, 37, 37, 37, 37, 48, 37, 37, 37, 37, 37, 37, 37, 48, 48, 37, 48, 48, 48, 37, 48, 37, 37, 37, 37, 37]"
4,0.13103900280631395,"[31, 31, 2, 31, 31, 31, 31, 31, 2, 31, 2, 31, 2, 21, 31, 31, 2, 31, 31, 19, 21, 21, 31, 31, 31, 31, 31, 2, 31, 2, 31, 31, 31, 31, 31, 31, 21, 31, 2, 31, 19, 31, 31, 31, 2, 31, 31, 2, 21, 19, 2, 2, 2, 2, 19, 21, 31, 2, 31, 31, 2]",,,63.6452380952381,"[31, 31, 51, 31, 31, 31, 31, 31, 31, 31, 31, 31, 31, 48, 31, 31, 51, 31, 31, 44, 48, 31, 31, 31, 31, 31, 31, 48, 31, 31, 31, 31, 31, 31, 31, 31, 31, 31, 31, 48, 48, 31, 31, 31, 44, 31, 31, 31, 48, 48, 44, 51, 51, 51, 44, 48, 31, 51, 31, 31, 44]"
5,0.13234722380379832,"[31, 31, 2, 31, 31, 31, 31, 31, 2, 31, 2, 31, 2, 48, 31, 31, 2, 31, 31, 19, 48, 31, 31, 31, 31, 31, 31, 48, 31, 2, 31, 31, 31, 31, 31, 31, 36, 31, 2, 48, 36, 31, 31, 31, 2, 31, 31, 2, 48, 48, 2, 2, 2, 48, 19, 48, 31, 2, 31, 31, 2]",,,75.20119047619048,"[10, 31, 10, 10, 31, 10, 31, 31, 31, 31, 10, 10, 10, 31, 31, 10, 10, 31, 31, 49, 31, 31, 31, 10, 31, 10, 31, 10, 31, 10, 31, 31, 31, 31, 31, 31, 31, 31, 10, 10, 47, 31, 31, 31, 10, 10, 31, 47, 49, 49, 10, 10, 10, 53, 10, 31, 10, 10, 31, 10, 47]"
6,0.11901286890616249,"[0, 37, 0, 25, 0, 35, 0, 37, 0, 37, 0, 25, 25, 0, 35, 37, 25, 35, 35, 19, 0, 35, 37, 25, 0, 25, 25, 25, 0, 37, 35, 35, 35, 35, 35, 35, 36, 37, 25, 37, 36, 0, 37, 37, 37, 37, 37, 25, 0, 25, 0, 0, 0, 0, 19, 0, 25, 37, 35, 0, 37]",,,86.8515873015873,"[25, 25, 25, 25, 25, 42, 25, 25, 25, 60, 25, 25, 25, 25, 25, 39, 25, 42, 25, 55, 25, 55, 42, 39, 25, 25, 25, 25, 25, 29, 25, 25, 25, 25, 25, 25, 55, 42, 25, 39, 25, 25, 42, 25, 60, 39, 42, 42, 55, 25, 42, 25, 25, 39, 39, 55, 39, 60, 25, 25, 60]"
7,0.12008914386673991,"[28, 37, 11, 11, 11, 35, 28, 28, 11, 37, 11, 11, 11, 28, 35, 37, 11, 35, 35, 19, 28, 35, 37, 35, 28, 11, 11, 11, 28, 37, 35, 35, 35, 35, 35, 35, 36, 37, 11, 37, 36, 28, 37, 37, 11, 37, 37, 11, 28, 11, 11, 28, 11, 53, 19, 11, 11, 37, 35, 11, 37]",,,88.92698412698412,"[11, 37, 11, 11, 31, 31, 31, 31, 11, 37, 11, 11, 11, 11, 31, 37, 11, 31, 31, 19, 20, 20, 37, 31, 31, 11, 11, 11, 31, 37, 31, 31, 31, 31, 31, 31, 36, 37, 11, 37, 36, 31, 37, 37, 11, 37, 37, 11, 20, 11, 11, 11, 11, 53, 19, 11, 11, 37, 31, 31, 37]"
8,0.09295415552296434,"[11, 31, 10, 3, 22, 10, 31, 22, 3, 22, 10, 11, 11, 11, 31, 22, 11, 22, 31, 19, 11, 31, 22, 10, 31, 11, 11, 11, 31, 10, 31, 31, 31, 31, 31, 31, 36, 22, 22, 22, 36, 31, 22, 3, 11, 3, 3, 22, 11, 11, 10, 11, 11, 53, 19, 11, 3, 22, 31, 10, 3]",,,100.00515873015871,"[11, 37, 2, 11, 31, 10, 31, 31, 2, 37, 10, 11, 11, 11, 31, 37, 11, 31, 31, 19, 11, 55, 37, 10, 31, 11, 11, 11, 31, 37, 31, 31, 31, 31, 31, 31, 31, 37, 10, 37, 19, 31, 37, 37, 2, 37, 37, 11, 55, 11, 10, 2, 11, 10, 19, 55, 10, 37, 31, 10, 60]"
9,0.11418599327866287,"[28, 37, 37, 25, 37, 35, 28, 28, 43, 37, 25, 25, 25, 28, 35, 37, 25, 35, 35, 19, 48, 35, 37, 25, 28, 25, 43, 25, 28, 37, 35, 35, 35, 35, 35, 35, 36, 37, 25, 37, 36, 28, 37, 43, 37, 37, 37, 25, 48, 49, 43, 28, 25, 48, 19, 48, 25, 37, 35, 25, 37]",,,100.01468253968252,"[11, 37, 2, 11, 31, 31, 31, 31, 2, 37, 2, 11, 11, 11, 31, 37, 11, 31, 31, 19, 48, 21, 37, 31, 31, 11, 11, 11, 31, 37, 31, 31, 31, 31, 31, 31, 21, 37, 11, 37, 48, 31, 37, 37, 2, 37, 37, 11, 48, 49, 2, 2, 11, 48, 19, 55, 11, 37, 31, 31, 37]"
10,0.10939637624987367,"[6, 1, 12, 1, 4, 6, 6, 4, 1, 37, 1, 12, 12, 6, 35, 37, 12, 35, 35, 19, 48, 35, 37, 12, 6, 12, 37, 12, 6, 37, 35, 35, 35, 35, 35, 35, 36, 37, 12, 37, 36, 6, 37, 37, 12, 37, 37, 4, 48, 48, 52, 52, 52, 48, 19, 48, 1, 1, 6, 4, 1]",,,104.05198412698411,"[11, 31, 51, 11, 31, 31, 31, 31, 8, 31, 11, 11, 12, 11, 31, 31, 11, 31, 31, 19, 11, 8, 11, 12, 31, 11, 11, 27, 31, 27, 31, 31, 31, 31, 31, 31, 36, 31, 11, 11, 36, 31, 11, 8, 44, 11, 8, 47, 11, 27, 8, 51, 11, 51, 19, 11, 11, 11, 31, 31, 44]"
